{
    "accuracy": 0.8285205696202531,
    "loss": 2.703025736386263
}