{
    "accuracy": 0.8242681962025317,
    "loss": 1.8644903264468229
}