{
    "accuracy": 0.8092365506329114,
    "loss": 1.49798584889762
}