{
    "accuracy": 0.8113132911392406,
    "loss": 2.2986146709587
}