{
    "accuracy": 0.8175435126582279,
    "loss": 2.5262899157367174
}