{
    "accuracy": 0.926043656207367,
    "loss": 3.6759483352364493
}