{
    "accuracy": 0.9573260572987722,
    "loss": 3.5999959261648327
}