{
    "accuracy": 0.9540791268758527,
    "loss": 3.5838799265201877
}