{
    "accuracy": 0.6984999999999999,
    "loss": 3.2952472507953643
}