{
    "accuracy": 0.8612687585266031,
    "loss": 0.9507736547330412
}