{
    "accuracy": 0.7717326057298773,
    "loss": 4.068464627166724
}