{
    "accuracy": 0.8301000000000001,
    "loss": 2.2215586072206497
}