{
    "accuracy": 0.8813778990450204,
    "loss": 0.4053559842730194
}