{
    "accuracy": 0.8419236016371078,
    "loss": 1.9405650817782785
}