{
    "accuracy": 0.7699000000000001,
    "loss": 0.9776237779855728
}