{
    "accuracy": 0.7656999999999999,
    "loss": 0.9861912751197814
}