{
    "accuracy": 0.8235000000000001,
    "loss": 0.8838705459237098
}