{
    "accuracy": 0.8261471518987342,
    "loss": 155.96184607397151
}