{
    "accuracy": 0.791435917721519,
    "loss": 118.96875123132634
}