{
    "accuracy": 0.8145767405063291,
    "loss": 3.1533857236934613
}