{
    "accuracy": 0.8102254746835443,
    "loss": 3.013744713384894
}