{
    "accuracy": 0.8241693037974683,
    "loss": 0.7383703219739697
}