{
    "accuracy": 0.97165472534971,
    "loss": 0.028290896963408196
}