{
    "accuracy": 0.9680382122142612,
    "loss": 0.029927280922466395
}