{
    "accuracy": 0.8340000000000001,
    "loss": 0.6746678180992604
}