{
    "accuracy": 0.8248000000000001,
    "loss": 123.5562070274353
}