{
    "accuracy": 0.8208867667121419,
    "loss": 0.7475642210721717
}