{
    "accuracy": 0.765443383356071,
    "loss": 5.142986584348048
}