{
    "accuracy": 0.9299841772151899,
    "loss": 0.4541593504291547
}