{
    "accuracy": 0.9253362341772152,
    "loss": 0.5311982119573823
}