{
    "accuracy": 0.7859999999999999,
    "loss": 1.119458879828453
}