{
    "accuracy": 0.7012999999999999,
    "loss": 3.306202676296234
}