{
    "accuracy": 0.8806368670886076,
    "loss": 0.5860068260491649
}