{
    "accuracy": 0.8788568037974683,
    "loss": 0.623520583291597
}