{
    "accuracy": 0.8217958860759493,
    "loss": 0.693879181825662
}