{
    "accuracy": 0.9559208731241473,
    "loss": 1.485411755791465
}