{
    "accuracy": 0.9549113233287859,
    "loss": 1.564691289954426
}