{
    "accuracy": 0.8200158227848101,
    "loss": 2.7580151738999765
}