{
    "accuracy": 0.8176424050632911,
    "loss": 2.51690869391719
}