{
    "accuracy": 0.7820411392405063,
    "loss": 11.351216738737083
}