{
    "accuracy": 0.7778876582278481,
    "loss": 11.362919155555435
}