{
    "accuracy": 0.7815466772151899,
    "loss": 2.2245092965379545
}