{
    "accuracy": 0.7738330696202531,
    "loss": 2.213743451275403
}