{
    "accuracy": 0.9823434773123909,
    "loss": 0.05979113741070812
}