{
    "accuracy": 0.9820401954837612,
    "loss": 0.059789139174419026
}