{
    "accuracy": 0.8275316455696202,
    "loss": 1.3562096462974065
}