{
    "accuracy": 0.817246835443038,
    "loss": 1.1886322045628028
}