{
    "accuracy": 0.998622927574171,
    "loss": 0.004702116056115899
}