{
    "accuracy": 0.9976685209424084,
    "loss": 0.008989328852569015
}