{
    "accuracy": 0.8318000000000001,
    "loss": 4.092690658569336
}