{
    "accuracy": 0.7808000000000002,
    "loss": 13.111374552249908
}