{
    "accuracy": 0.8052808544303798,
    "loss": 5.545960046068022
}