{
    "accuracy": 0.8200158227848101,
    "loss": 5.190762483620945
}