{
    "accuracy": 0.8176424050632911,
    "loss": 5.021308446232276
}