{
    "accuracy": 0.893690664556962,
    "loss": 0.5724709730925439
}