{
    "accuracy": 0.8920094936708861,
    "loss": 0.6559143500237525
}