{
    "accuracy": 0.8286194620253164,
    "loss": 2.4948656770247446
}