{
    "accuracy": 0.8223892405063291,
    "loss": 2.3252787982361225
}