{
    "accuracy": 0.975313864628821,
    "loss": 0.08524498384868864
}