{
    "accuracy": 0.7916999999999998,
    "loss": 0.7722865039855242
}