{
    "accuracy": 0.7878000000000001,
    "loss": 0.84258549451828
}