{
    "accuracy": 0.9998227530541012,
    "loss": 0.0010555521712900297
}