{
    "accuracy": 0.9992910122164049,
    "loss": 0.0024236051170907634
}