{
    "accuracy": 0.9245702592087313,
    "loss": 2.8795668457572487
}