{
    "accuracy": 0.9217189631650751,
    "loss": 2.8607551968601848
}