{
    "accuracy": 0.8040941455696202,
    "loss": 6.517921797836883
}