{
    "accuracy": 0.7967761075949367,
    "loss": 6.184961035281797
}