{
    "accuracy": 0.8146000000000001,
    "loss": 0.6088963352143765
}