{
    "accuracy": 0.8105000000000001,
    "loss": 0.5728190523386002
}